target,context
买房,房子还在吗
买房,什么时候可以看房？
买房,您好，请问这套房子还在吗？
买房,你好，我想在浦东新场附近买个商住两用的房子
买房,我是想全款买套房，560左右，想找个不满二税费高的房子，这样我买就很划算
买房,请问这个房子靠谱卖吗
买房,想看一下万家花城的盘
买房,我想在尧化门这定居
买房,请问这房子卖吗
买房,还是这房要出售
买房,我要买房子
买房,买房子
买房,我想买房子
买房,买一个好一点的房子
买房,这边有小点的办公室出售吗
买房,我想买房
买房,房子怎么卖
买房,"房东怎么卖,"
买房,买一个大一点的房子
买房,计划买一个环境好点的地方
买房,业主多少钱能卖，为什么急售
买房,这个房子我买了
买房,那客户还有意向买吗？
买房,我要买房
买房,我想买房子
买房,我要买的房子
买房,回龙观附近的房子怎么卖
买房,maifangzi
买房,mai一个的房子
买房,这种户型多少钱能卖
买房,看看六里桥附近的房子
买房,mai房
买房,买
买房,买朝阳区华贸城的的房子
买房,想买一个在三百万左右的房子
买房,买这里主要是考虑学区啊
买房,目前月季园一号楼有几套在出售的房子？
买房,买房
买房,购买二套房源
买房,购买首套房子
买房,这套现在多少钱能卖
买房,几号楼的，我住西区44号楼，想给老人买一套
买房,有诚意买
买房,我要买楼
买房,我想买适合高手付的
买房,想在海宁安家
买房,想买个交通便利的
买房,嘉园那套128万的还在吗？
买房,顺便帮我留意下89方400w左右的
买房,想买耦园
买房,有没有单价便宜的这个户型
买房,他现在最低多少钱能卖
买房,他现在最低多少能卖
买房,就是能贷款的，可以孩子落户的，300万以里的
买房,入手一个二手房
买房,我全款买房
买房,有1000万左右的么
买房,这个多少钱能卖
买房,总价在90万左右的
买房,你好，这个急卖的最低多少钱
买房,价格200左右能全款
买房,1100万以里
买房,总价最好500万以下
买房,我想选个总价在200万的
买房,也就是首付款差不多60万，其他费用呢
买房,那就是首付预算差不多就是70万
买房,还是想买毛坯
买房,计划在省人民医院和一院中间买
买房,买个大概900万人民币上下简装的高层
买房,买900W左右毛坯地房子
买房,搜索下买一个大概400wRMB左右屋子
买房,找买估计750w左右精装得二手房
买房,买一个价值635W上下简装房产
买房,我想看买一个估计w上下精装的屋子
买房,计划买一个预估950萬得房
买房,看一看买一个大约300W人民币上下精装地高层
买房,打算买一个大概950萬元上下地房
买房,看一下maifang价钱650萬元人民币左右简装得房子
买房,想看maifang预估650万元上下毛坯地屋子
买房,瞧一瞧mai大概100萬元RMB上下毛坯公寓
买房,找个mai300万元左右毛坯得楼房
买房,找maifang预估300萬RMB简装地高层
买房,看看买100萬元RMB上下别墅
买房,看看买大概650万元精装的房
买房,找个买个200W上下精装的公寓
买房,找买一个价值400万元RMB毛坯的房子
买房,看一看买个635w人民币上下地高层
买房,我想看maifang大概100万RMB得二手房
买房,买个预估500萬元毛坯地房产
买房,找一个850万RMB上下毛坯的房产
买房,看一下大约350万元人民币左右毛坯别墅
买房,我想看maifang大约300万元上下简装地屋子
买房,找买900W上下楼房
买房,看一下大约650万元RMB左右的房子
买房,瞧一瞧大约250萬元人民币左右地房子
买房,想看总价800萬元上下简装得屋子
买房,看看买一个大约650萬元简装房
买房,找大约750万元简装地房
买房,看一看买大约950万元左右房产
买房,想看大概200万元RMB上下毛坯得屋子
买房,打算maifang总价萬左右精装得公寓
买房,瞧一瞧maifang200w左右简装得房
买房,瞧一瞧买一个大约950W左右的
买房,找买价钱100w人民币左右简装得房
买房,找maifang价值900萬元左右毛坯得别墅
买房,找预估500萬元RMB左右地房
买房,瞧一瞧买一个100萬元RMB简装高层
买房,打算maifang大概300万元左右精装房产
买房,搜索下买一个价值750万人民币上下毛坯得二手房
买房,找一个买总价萬左右地
买房,看一看maifang总价800万元人民币上下毛坯屋子
买房,买一个550上下的
买房,打算价值750万RMB上下毛坯地新房
买房,买大约900WRMB左右精装的房子
买房,看看大概650W左右精装房
买房,想看maifang550wRMB上下得
买房,搜索下maifang价钱450wRMB上下精装别墅
买房,想看maifang635WRMB简装的别墅
买房,找个买个大概100万元上下精装地别墅
买房,找一个估计850w的屋子
买房,找买个大概550萬左右毛坯的高层
买房,打算maifang700W左右屋子
买房,想找一找大约635萬元人民币精装
买房,找个maifang估计万RMB左右简装地楼房
买房,瞧一瞧maifang大约400萬元人民币毛坯得公寓
买房,打算大概300精装的房
买房,找个买一个总价950萬元毛坯屋子
买房,打算买一个价钱150w上下毛坯地屋子
买房,看一看maifang350萬得公寓
买房,看一下总价400W地房子
买房,瞧一瞧mai估计850WRMB毛坯的楼
买房,找个买700萬简装的公寓
买房,看一看mai大约400万上下得新房
买房,找个买一个价钱w上下精装得屋子
买房,搜索下价值100萬元RMB简装地房子
买房,搜下mai预估950W人民币上下房
买房,计划买450万元上下毛坯的楼房
买房,我想看mai价钱550万RMB左右简装公寓
买房,看一下买一个预估250wRMB上下毛坯得房
买房,我想看总价1000萬元上下得新房
买房,找买一个总价700萬RMB简装得屋子
买房,看看maifang大约550W上下毛坯得公寓
买房,搜下买总价650万元RMB屋子
买房,看看买预估350万元RMB上下精装地
买房,找一个买一个预估150万元RMB上下简装楼
买房,我想看买个价值300萬元地
买房,计划估计350万左右精装得别墅
买房,打算买一个635WRMB左右简装地楼
买房,找买个150萬上下毛坯地高层
买房,打算买一个750wRMB精装的房
买房,买个价钱650萬元RMB上下简装的楼房
买房,找一个maifang大约700萬毛坯
买房,找一个maifang大约300万人民币上下毛坯公寓
买房,找个买估计750W人民币上下地房子
买房,我想看买一个350750WRMB左右得房产
买房,看看买一个大概万人民币精装新房
买房,看一看maifang预估900万元人民币上下精装的二手房
买房,打算mai大约400WRMB左右简装公寓
买房,找一个买个价钱450万元RMB上下精装得房产
买房,看一下价值900万元RMB毛坯地高层
买房,找maifang大概850w人民币地
买房,找个买个200萬元人民币左右简装楼房
买房,计划买价钱900WRMB上下地二手房
买房,找个买一个总价650萬元上下地二手房
买房,计划买个预估100万元精装的房子
买房,找个mai大约700W人民币上下简装得房产
买房,搜下价钱WRMB简装二手房
买房,我想看mai总价700万元RMB毛坯房产
买房,想看买总价200万元左右毛坯得房产
买房,瞧一瞧买一个价值700w简装得房产
买房,看一看买一个650萬元左右毛坯地
买房,想找一找总价950萬元RMB毛坯的房产
买房,找mai大概850萬RMB简装的高层
买房,看一下mai预估750万人民币上下地新房
买房,看一看估计450w左右精装地楼房
买房,买总价500w人民币上下简装的房子
买房,我想看mai大概450上下毛坯得楼
买房,我想看买个预估100万RMB左右精装的公寓
买房,计划买一个635W上下简装得房子
买房,打算买一个预估800WRMB左右毛坯的房
买房,想找一找价值850萬毛坯房子
买房,搜索下150万左右毛坯得房产
买房,搜下mai450上下精装屋子
买房,看看maifang预估950简装的房产
买房,看看maifang总价500万上下简装得房
买房,计划买一个价值200萬元人民币上下简装二手房
买房,瞧一瞧mai总价700w人民币左右毛坯的房子
买房,找一个550万元RMB左右毛坯地
买房,找个买一个700萬元RMB左右简装别墅
买房,搜索下买预估750w人民币精装地房
买房,我计划在省人民医院和一院中间买
买房,买这里主要是考虑学区啊
买房,购买商住
买房,就是想买个离学校近的
买房,计划买一个环境好一点的地方
买房,我要买个预估550萬元人民币的别墅
买房,准备大概300萬元RMB以里精装公寓
买房,我想要买个价值1000萬元人民币左右简装的楼
买房,估计1000WRMB以内新房
买房,我想大约400w人民币上下新房
买房,我要mai预估100万RMB以里简装地新房
买房,购买个大约950万RMB毛坯楼房
买房,买大约700万元左右地房子
买房,买一个估计250w以里精装得屋子
买房,购大约200万人民币左右精装
买房,计划买价钱500W以里简装地房子
买房,准备maifang总价150萬元人民币以内毛坯的楼房
买房,准备买个估计900万上下的公寓
买房,我想maifang预估550w上下二手房
买房,我想要价钱850萬RMB地
买房,我想买大约635万元RMB精装得楼
买房,买一个预估150万左右精装的
买房,购买个价钱500萬以里精装地房
买房,我想买个估计850万上下精装的
买房,买个价值900万元人民币以内简装得新房
买房,购买个大概300萬以内毛坯
买房,mai估计800万元以里精装得房
买房,购mai大概450萬元以内简装高层
买房,我想要maifang大约250wRMB以内得
买房,购买个大概900万元人民币左右简装地房子
买房,计划mai400750万元人民币以里简装房产
买房,购总价500WRMB以里简装得
买房,购买个价值250wRMB左右精装的新房
买房,买个大约450萬元左右毛坯房产
买房,买一个价值wRMB高层
买房,准备买一个总价500萬以内毛坯得楼
买房,我要买价钱850万人民币左右毛坯公寓
买房,我想要买价值250精装二手房
买房,我想要买价值450w以内简装的高层
买房,我想预估150万元RMB以里精装高层
买房,我要预估1000万元左右精装得新房
买房,我想mai850万左右简装屋子
买房,买个大约1000WRMB以内的屋子
买房,我要买一个900w人民币以内简装二手房
买房,我想买估计900萬元精装公寓
买房,大概150W人民币简装的别墅
买房,我想买价钱250WRMB简装高层
买房,计划mai价钱550萬元人民币以内毛坯得公寓
买房,我要买一个大概250WRMB以内简装房产
买房,购买个价钱200万元RMB毛坯得房
买房,准备价钱1000w人民币上下简装得新房
买房,我想要maifang估计350萬RMB以内毛坯房
买房,计划大概750w人民币以内精装的新房
买房,我想要大概万元人民币以里得公寓
买房,计划mai大概350W人民币简装地
买房,我想买估计650萬元人民币精装的别墅
买房,购买个总价450萬RMB上下简装的二手房
买房,我想买一个价钱635万人民币精装地公寓
买房,我想要买一个总价250万左右毛坯地二手房
买房,计划买个大约350萬元RMB左右精装地房子
买房,购价值650万元人民币上下的二手房
买房,买个大约635WRMB左右简装得高层
买房,我想要买个450WRMB上下精装二手房
买房,我要大约550萬元RMB左右精装地楼
买房,我想要买个价钱800万左右简装得房产
买房,购maifang大约500上下简装地新房
买房,计划买一个大概250W人民币以里简装楼
买房,准备maifang大约100w以里简装得房
买房,我想mai价值800万RMB毛坯地二手房
买房,我想要买个估计萬元以里精装的屋子
买房,我想要买一个大约650萬元RMB简装的二手房
买房,准备买一个预估250W人民币以里精装的二手房
买房,我要价钱650w左右毛坯的
买房,我想mai价钱200W毛坯得
买房,我要买个总价550w人民币上下简装得房子
买房,我要mai价钱450WRMB左右的房子
买房,我要买价钱150万元RMB左右的房产
买房,购maifang估计300萬以里简装房子
买房,我想要买一个预估500w人民币上下毛坯的楼
买房,我想买650精装地房产
买房,我想买总价萬元RMB上下二手房
买房,我想mai大约W以里精装的新房
买房,准备买个价钱650萬RMB左右精装别墅
买房,准备买一个价值400wRMB上下精装地楼房
买房,我想要买个450萬RMB以里得楼
买房,我想要大概400WRMB以内精装的屋子
买房,买大约250万元RMB以内精装得
买房,我要买一个大概200W人民币左右简装得高层
买房,我想买250万人民币上下地房子
买房,计划买一个估计750w上下毛坯得房子
买房,我想要买预估850萬元人民币上下精装公寓
买房,买一个700wRMB以内精装楼房
买房,我想mai200万元人民币简装地房
买房,计划maifang大约500万RMB精装的新房
买房,我想要maifang总价650万元上下地高层
买房,准备650万元人民币上下简装地新房
买房,购买500万人民币左右精装得房
买房,计划买个预估900萬元RMB毛坯房
买房,购价值100左右精装得楼
买房,我想mai大约750万元RMB精装地公寓
买房,我想mai价钱750萬上下得
买房,我想买一个价值850萬元以里地公寓
买房,我想要买个总价500以内得别墅
买房,准备买个大概450萬元人民币以里精装房产
买房,计划950wRMB简装得别墅
买房,mai价值500wRMB左右毛坯的楼房
买房,我想要买个预估萬元RMB上下精装房产
买房,我想要买个价钱635万元RMB精装地房产
买房,我想要买预估300W人民币左右的高层
买房,购买估计200以里毛坯地楼
买房,准备总价1000萬元人民币上下精装地高层
买房,购买个估计250萬元人民币以内精装得二手房
买房,准备maifang价值950wRMB精装别墅
买房,购买估计350万以里简装屋子
买房,我想要mai预估900wRMB以里得房
买房,我想买一个预估450萬RMB以内毛坯得别墅
买房,我想要大约400wRMB以里简装的
买房,计划买个估计350WRMB左右毛坯的房产
买房,我要买450万以内毛坯地新房
买房,我想大约700萬RMB精装地新房
买房,mai估计950w人民币精装公寓
买房,计划买价值800万元RMB简装地楼
买房,购买个价值450万RMB以内毛坯的房子
买房,计划买个大约635萬元以里毛坯的
买房,我想要买200万上下简装地公寓
买房,买一个价钱650wRMB房
买房,购mai1000万人民币上下得二手房
买房,maifang大约850万元RMB毛坯地楼房
买房,我想要mai预估550萬元人民币得新房
买房,我想要950WRMB得二手房
买房,我要maifang550萬元RMB以内毛坯新房
买房,我要maifang价值950WRMB以里的高层
买房,我想要买一个大概1000以里得房子
买房,准备买一个估计700万人民币以内精装地楼
买房,计划maifang价钱1000萬元RMB地别墅
买房,我要maifang价钱650W左右毛坯的别墅
买房,购mai预估850萬元左右精装的公寓
买房,我想要买个总价950万元人民币楼
买房,我想要mai价钱900w上下地二手房
买房,计划买价值150万元人民币以内公寓
买房,准备maifang价值950WRMB上下的房
买房,我想要maifang大约200万元RMB左右简装地公寓
买房,我想买个预估200W上下简装
买房,准备300635万元RMB以里毛坯楼房
买房,购maifang估计300萬以里精装的楼房
买房,计划mai价钱635萬以内毛坯房产
买房,准备maifang大概850W楼
买房,购价值650萬元RMB以里毛坯的高层
买房,计划maifang价值550W人民币以内毛坯的公寓
买房,计划550800萬元RMB左右毛坯地二手房
买房,maifang价钱650萬元人民币左右的屋子
买房,准备买一个大约850万RMB以内精装地楼
买房,购买850WRMB以内毛坯的房子
买房,我要买一个价值950万元上下房子
买房,我想价值650wRMB以内简装公寓
买房,我想买个大概750万以内简装的二手房
买房,我想要价钱350万元人民币以里毛坯的屋子
买房,购400650W人民币以内精装的新房
买房,我要买总价850萬左右毛坯楼
买房,购mai估计400萬元以里毛坯地房
买房,准备买个价值400w以里的楼
买房,准备买一个大概650万左右房子
买房,我想要mai预估150萬元上下毛坯新房
买房,计划maifang大约700以内毛坯地屋子
买房,买450W人民币上下简装地别墅
买房,计划maifang大概200萬元上下得高层
买房,计划买一个300萬RMB左右精装地楼
买房,计划maifang估计650萬元RMB以内精装得
买房,我想要maifang预估250万RMB以里简装别墅
买房,我想maifang总价900萬元RMB以内精装的二手房
买房,我想要mai大概950W以里精装的房子
买房,我想买一个预估200万上下简装别墅
买房,我想要估计650w人民币上下毛坯房
买房,我要350萬元RMB左右毛坯得楼
买房,我想买个1000万上下的二手房
买房,计划750w以里毛坯新房
买房,我想maifang估计900萬元RMB以里毛坯地别墅
买房,准备价值300以内精装得高层
买房,准备买一个200850W人民币上下地新房
买房,计划总价700万人民币左右简装二手房
买房,我想买一个估计800萬RMB以内精装得公寓
买房,计划买预估200万元以内得
买房,我想要买一个大约750萬元上下精装的房产
买房,我要大约450w人民币上下简装房产
买房,我想要mai700萬元RMB以内毛坯的高层
买房,购买个450萬元RMB以里新房
买房,买大约250万人民币上下毛坯地楼
买房,maifang大约350万元RMB上下精装地房子
买房,我想要买个估计850万RMB以里简装房产
买房,计划买个预估850左右简装高层
买房,我要mai价值450以里精装得屋子
买房,购总价200万左右地屋子
买房,计划mai估计250W人民币以里精装得房产
买房,我要maifang价钱635万人民币上下精装得房
买房,买个500以内简装公寓
买房,准备mai价值750w以里毛坯房
买房,我想要买一个估计900万元RMB以里简装地新房
买房,mai价值100万人民币以里简装的楼房
买房,mai价值650萬RMB以里简装房子
买房,我要估计400wRMB简装的高层
买房,准备mai总价800萬RMB以内高层
买房,购mai预估635万人民币左右毛坯得屋子
买房,计划价钱300万元毛坯新房
买房,购mai估计250万元人民币毛坯得高层
买房,买价钱350W毛坯得别墅
租赁,找个租房1000块钱左右精装得新房
租赁,租个大约2000左右房产
租赁,打算租房8500块钱左右简装地高层
租赁,找个租一个价值9500块毛坯的楼房
租赁,瞧一瞧zu4000元左右精装得
租赁,计划zu估计7500上下精装地高层
租赁,租房总价6350块钱简装地屋子
租赁,租价值6500块上下精装的楼房
租赁,租房估计9000以内左右得高层
租赁,下zu一万元精装的高层
租赁,租1000以内上下毛坯地新房
租赁,搜索下zu1000元上下毛坯房
租赁,看一下zu估计9500元左右的
租赁,找租房大概6350精装的房子
租赁,打算zu大约3000以内精装的房产
租赁,zufang大概5000以下上下毛坯的二手房
租赁,找租6500块钱毛坯房
租赁,搜下租预估3500块左右地别墅
租赁,看一下zu价值2000以下上下精装的房子
租赁,看一看租个价值7000以下左右毛坯得房
租赁,想看zu预估3000块左右精装的楼房
租赁,看一下租大约6500以下左右精装地新房
租赁,租一个6350一万块毛坯得新房
租赁,租房大约8500以下左右精装房
租赁,租大约4500精装的楼
租赁,想找一找租一个估计元上下毛坯新房
租赁,想找一找租价钱8000以下的二手房
租赁,我想看租房预估3500简装的屋子
租赁,搜下zu价钱3000块上下毛坯地公寓
租赁,我想看租90001500块钱上下毛坯得房产
租赁,搜索下租一个3500以内的
租赁,找个zu大约4000上下毛坯得楼
租赁,想看zu估计7500块钱上下精装公寓
租赁,我想看租总价5000以内左右简装得房子
租赁,我想看zu大约7500块钱上下简装得房
租赁,找个zu4500块左右精装屋子
租赁,zufang大约1500块左右毛坯的房子
租赁,搜索下租个预估7000块钱上下简装房
租赁,打算zufang55008000左右毛坯的公寓
租赁,打算租房估计8500元左右精装的房
租赁,找租一个大约8000以内左右毛坯地房产
租赁,我想看租个估计2000块左右简装新房
租赁,看一下zufang价值5500块钱左右简装二手房
租赁,计划zufang6350块精装二手房
租赁,我想看租一个8500以下左右别墅
租赁,找个租个大概1000块简装房
租赁,找租房大约3500元上下精装得楼
租赁,瞧一瞧zu价钱9000以内上下简装的楼
租赁,看一下租总价7500块上下简装地新房
租赁,找租个价钱2000以下简装得公寓
租赁,想看租一个价钱4000元左右毛坯地高层
租赁,想看租一个预估2000以内上下的公寓
租赁,看一看租大概1500块钱左右毛坯得楼
租赁,找个租一个估计7500以内上下精装得房子
租赁,我想看租大约6350以下上下毛坯的楼
租赁,看一看租一个大概7500毛坯的楼房
租赁,看一看租一个7000块钱上下的楼
租赁,搜索下zu价钱4500块上下精装地楼房
租赁,看一下租个价钱2000元楼房
租赁,找个租一个7500以内精装地房子
租赁,看看租房价值9000块钱左右地别墅
租赁,找个租一个估计6350块上下精装地房产
租赁,看看租房大约2500上下精装的新房
租赁,打算zu预估3000左右精装的房产
租赁,想看租房大概2500元上下简装房
租赁,我想看租房预估9000上下简装房子
租赁,搜下租个预估2000元毛坯地高层
租赁,计划租个总价9500元左右屋子
租赁,找个租一个总价9500以下左右屋子
租赁,看一看租房4000以内的房产
租赁,租一个5500以下上下简装的房产
租赁,看一看租大概7500块钱左右简装得别墅
租赁,搜索下zu大概5000以下左右精装楼
租赁,打算租房估计8000块左右毛坯高层
租赁,瞧一瞧租房总价4000以下上下地房
租赁,搜下租一个估计块简装的公寓
租赁,找一个租预估8500块左右精装房
租赁,找一个租房1500以内上下精装得高层
租赁,看一下租预估以下左右简装的高层
租赁,想找一找zufang5000块左右简装地楼房
租赁,计划租一个总价6350块钱精装地房
租赁,我想看租一个价值8000上下得新房
租赁,计划租个95006500以内上下简装地楼
租赁,看一看租一个总价5000以下左右简装新房
租赁,打算租个9000以内左右毛坯地楼
租赁,搜索下租房价钱8500以下左右屋子
租赁,找zufang8500元精装的楼
租赁,打算租大概8500以内上下精装的楼
租赁,找zufang估计3000以内上下公寓
租赁,找一个租大约一万以内左右精装房产
租赁,看一下租房价钱5000块左右简装得房
租赁,计划zu预估5000上下精装的
租赁,看看租一个预估2500以下简装得别墅
租赁,找租个一万8000块钱左右简装的
租赁,看一下zufang价钱2500块左右毛坯的楼
租赁,看一下zufang预估5500以下上下简装房产
租赁,zufang预估7000上下毛坯的二手房
租赁,打算zufang价钱1500左右精装别墅
租赁,zufang预估7500以下左右精装的新房
租赁,想找一找租一个价值9000以下房
租赁,搜下租房价钱7000以下上下精装
租赁,想找一找zu10002500以下左右毛坯地别墅
租赁,找个租房总价3000元地房产
租赁,看看租大概4500以内上下简装房
租赁,想看租房价钱1000上下精装得楼房
租赁,看看zu价钱6500块左右简装得别墅
租赁,租个价钱9500简装得房
租赁,搜下租房一万块上下地公寓
租赁,搜索下zu大约6350以内上下毛坯的楼房
租赁,zufang大概9500元左右的房子
租赁,我想看zu总价4500块上下的别墅
租赁,找个租5000毛坯地房产
租赁,想找一找租个大概9000块钱左右毛坯地公寓
租赁,搜下租一个价值4500以下左右精装得房子
租赁,找个zufang大概9500以下左右地房子
租赁,看一下租房大约7500以下的高层
租赁,瞧一瞧zufang价钱6350块简装二手房
租赁,看一下租预估9500元得高层
租赁,想找一找租一个估计9500块上下精装得房
租赁,计划租房价钱以内上下毛坯地新房
租赁,找一个租5500上下简装地房产
租赁,租价值4500以下毛坯地二手房
租赁,想看租个价值9500上下毛坯地公寓
租赁,瞧一瞧zu预估9000以下简装得二手房
租赁,看一下zu大概左右地
租赁,打算租房1000上下简装得二手房
租赁,打算租价钱4000块精装得屋子
租赁,zufang估计一万左右精装房
租赁,找个租个价值6500块钱左右得别墅
租赁,瞧一瞧租大约9500块钱左右简装的
租赁,看一下租大概6350元的
租赁,找个zu55004000以内左右地房
租赁,看一看租个预估4500块钱上下毛坯别墅
租赁,找租个价值9000毛坯得房子
租赁,搜下zufang10006350块左右得房子
租赁,打算租房预估1000块左右简装得屋子
租赁,搜索下租一个7500元上下地别墅
租赁,打算租一个5000块钱简装得房
租赁,找一个zu2000以内上下简装新房
租赁,找一个租大约一万左右简装得新房
租赁,计划zufang价值一万以内左右毛坯得房
租赁,搜下zufang价值8500以下左右精装房产
租赁,计划租一个7000以下左右精装得公寓
租赁,打算zufang8000元上下毛坯房子
租赁,我想看租个价钱4500上下精装的房产
租赁,搜下租房预估2500左右楼
租赁,租房9500左右的房
租赁,看看租个9500以下左右房产
租赁,找一个租预估3500块简装的房产
租赁,看看zu预估3500块简装地高层
租赁,我想看zu1500元精装地房产
租赁,找个租一个5000以下精装得别墅
租赁,瞧一瞧租一个价钱4500块上下毛坯房
租赁,打算zu6350块钱上下简装的别墅
租赁,搜下租一个预估3500块的楼
租赁,我想看zu大约一万以内左右毛坯得楼房
租赁,我想看租一个总价6350块钱左右简装得房
租赁,找租房价钱一万精装地高层
租赁,找个租房8000上下毛坯得房
租赁,找个租价钱8000块钱精装的房产
租赁,想看zufang大约7500以下上下简装公寓
租赁,找租2000上下简装得
租赁,瞧一瞧租一个总价5500元上下简装地房子
租赁,打算租个1000以下上下简装地别墅
租赁,打算租一个预估6350元精装房产
租赁,找个租价钱9000元上下的新房
租赁,看看租一个1000元左右精装得屋子
租赁,找一个zu75007000元毛坯地
租赁,找一个租价值3500以内简装得二手房
租赁,找一个租大约4500以内左右精装地
租赁,看一看zufang价钱2500以内上下毛坯房产
租赁,找个zu价值4500元毛坯新房
租赁,我想看租预估1000元左右精装得楼房
租赁,计划zufang预估8500块上下毛坯地二手房
租赁,瞧一瞧租个大约6350块左右毛坯得楼
租赁,搜索下zu价钱6350块钱左右精装得新房
租赁,想找一找zufang9500上下得楼
租赁,打算租个5000一万以下左右精装的房子
租赁,瞧一瞧zu预估6350块钱精装的房产
租赁,想找一找租房63507000以下上下精装得房子
租赁,我想看租预估8000块钱左右毛坯别墅
租赁,租个大概3000精装屋子
租赁,找一个zu2500块简装的房产
租赁,看一看租个估计块上下的新房
租赁,租房价值以内上下的新房
租赁,租一个大概5000块左右地房
租赁,搜下租大概8000元地房产
租赁,打算zufang价钱2500上下简装的高层
租赁,我想看zu大约4500块上下精装得屋子
租赁,找个zu7500左右毛坯地公寓
租赁,找个zu估计5000元左右地二手房
租赁,租房大概1000以内左右得公寓
租赁,看一看租大约2500块上下地二手房
租赁,想看租总价3000以下上下高层
租赁,打算租个预估4500块左右简装得公寓
租赁,zufang大概9500公寓
租赁,搜索下租房估计8500块钱上下毛坯的公寓
租赁,租
租赁,主卧您这边都有什么价位的，我需要立水桥附近的
租赁,3000能租吗
租赁,半年起租什么价格
租赁,我想了解一下常青园的单间
租赁,一个月多少钱
租赁,租房
租赁,您好马泉营国展孙河地铁站附近的主卧独卫大概多少钱
租赁,另外租金是标价吗？
租赁,你好。这个可以谈到3800左右租吗
租赁,合租的话2500左右
租赁,之前租的3000长租的话 价格可以谈
租赁,这是第一次往外租吗
租赁,是业主直租？
租赁,合租是冰箱 洗衣机  微波炉 无线都有吗
租赁,合租是男是女
租赁,我想在血研所附近租一套，整租 
租赁,长租的那种
租赁,我怎么也得一两年长租，这次是给父母过来住帮忙看孩子住用，我们本身就住这个北大街南里，可以方便点
租赁,短租的有不
租赁,就没有整租吗？
租赁,租单间
租赁,没有整租的吗
租赁,我需要长风附近，价格3500以内，可付一押一的整租
租赁,这个是整租的么
租赁,我要整租套间
租赁,能短租2.3个月吗
租赁,这个是整租还是只租一个卧室？
租赁,可以短租是吗
租赁,顺义区域合租的只有公寓吗
租赁,晶都国际有租的吗
租赁,你好，这个是整租价格还是合租
租赁,短租8 个月左右
租赁,我11月租，签12.21号的合同
租赁,几人合租，都是男的女的
租赁,还有一户租出去了嘛
租赁,离地铁14号线近 主卧带阳台 预算2500至3000
租赁,还有一户租出去了嘛
租赁,主卧带阳台的，一般都是3000以上对吗？
租赁,合租的话。里面都是女生住户就好
租赁,清河附近的次卧，2000多一点，合住家数少点的，有吗
租赁,我想租地铁方庄附近的，主卧带阳台
租赁,距离龙泽  育知路  生命科学园近的都可以要主卧独卫
租赁,我要租的这个
租赁,我想找正规次卧
租赁,你好，我想租青年路地铁近的主卧带阳台
租赁,是不是整租的
租赁,这套应该是出租装修吧
租赁,武夷家园那边有没有1200以下的
租赁,只能租半年是吗
租赁,合租整租都行。合租的话想要带独卫的
租赁,这个是整租吗
租赁,我想月底再租
租赁,可以租多长时间？
租赁,租独卫
租赁,我们刚刚决定要整租的 之前是只看次卧
租赁,我们四个女生要整租而且近地铁
租赁,这个有没有出租过
租赁,这个租的是主卧还是次卧呀
租赁,最少得租三年
租赁,合租的人可以告诉一下吗
租赁,就是合租的人都有谁
租赁,合租人的信息可以告诉一下吗
租赁,可以租多久呢
租赁,想整租一个
租赁,都是整租的，对吧
租赁,我们要租在垡头或者欢乐谷的
租赁,最长可以租到什么时候？
租赁,我就想要主卧带阳台 地铁站附近，6号或八通 越近越好，女生，预算不高
租赁,可短租吗
租赁,这个可以租三个月是吧
租赁,我要整租 不合租
租赁,有没有便宜点的插间啊
租赁,最短可租几个月
租赁,独卫的租出去了
租赁,我给同事租
租赁,租两套
租赁,这个小区可租三个月吗
租赁,这个可以租三个月是吧
租赁,不接受长租么
租赁,因为我是一个人住，想在天通苑或者天通苑南地铁站附近找一个  预算大概1700到1800 
租赁,租
租赁,我想租主卧阳台单间，离6号线地铁站越近越好，预算2200至2800
租赁,我是长租
租赁,租北大三院附近的房子
租赁,zu海淀区清河附近的房子
租赁,看看海淀安宁庄6000的房子
租赁,合租找一个朝阳酒仙桥
租赁,整租个西城车公庄8000以内的
租赁,租一个离地铁近的地方
租赁,想租马连道三巷的房子
租赁,打算租个14号线地铁附近的
租赁,计划和小伙伴一起合租一个离地铁近的房子
租赁,现在果园地铁站附近带独立卫浴的主卧大概什么价位
租赁,这个主卧带卫生间吗
租赁,啥时候能租
租赁,是不是整租
租赁,下月起租通惠家园有什么推荐的
租赁,我十一月份租的，有没有底层，价位差不多的
租赁,首次出租吗
租赁,那这个是长租吗
租赁,嘉园二里的合租 有吗 带打扫卫生的
租赁,我都租完了
租赁,天通苑九十三平整租，5100
租赁,租多久
租赁,我想租时间长点
租赁,我想要租了1300左右的
租赁,整租吗
租赁,我们是打算长租的
租赁,租大概1000元上下次卧得房
租赁,想要租一个预估1000以内主卧得高层
租赁,准备zufang价值9000元次卧地公寓
租赁,准备zu价值5000元左右主卧的二手房
租赁,租3500块钱左右次卧的房子
租赁,租房价值7000元左右插间
租赁,要租一个大概1000块上下独卫得二手房
租赁,想要租个大概8500以内插间地楼房
租赁,计划租个预估3000以下次卧的
租赁,要租房大约4000元上下主卧别墅
租赁,租房预估4500块钱上下次卧屋子
租赁,计划租一个大约1000块得新房
租赁,计划租个大概4000元左右主卧带独卫新房
租赁,计划租个大约1000块插间地房产
租赁,计划租一个价钱块钱左右插间地新房
租赁,想要租大约3500以下左右主卧带独卫的别墅
租赁,想要租大约7500上下主卧屋子
租赁,准备租个大约2500块钱上下别墅
租赁,想要租5000元左右独卫得别墅
租赁,想要租一个价值1000块左右次卧的二手房
租赁,准备zu一万9000以内上下主卧带独卫房产
租赁,zufang预估9000以下主卧带独卫得二手房
租赁,计划租1000上下得别墅
租赁,租一个预估9500元上下次卧的二手房
租赁,准备租个预估3500以下上下独卫地房子
租赁,准备租个8000元左右次卧地
租赁,想要租估计1500左右主卧的公寓
租赁,租个价值6350以内上下得房子
租赁,计划租价钱6500以下上下独卫地
租赁,准备租房大约块主卧的公寓
租赁,计划租10009500元左右主卧带独卫得高层
租赁,要租个大概7500次卧地新房
租赁,准备租房75004000块上下主卧楼
租赁,想要租一个估计5500块钱左右独卫
租赁,租个1000块左右楼
租赁,想要租一个大约一万上下得楼
租赁,想要租房大概9000以内左右次卧屋子
租赁,计划租一个大约6350块钱左右地
租赁,准备租个大约7000块上下的屋子
租赁,想要租一个价钱8000上下
租赁,要租价值7500以下上下插间楼房
租赁,计划租一个大约1500以内主卧地高层
租赁,租房1000以内左右主卧二手房
租赁,计划租个大约4000上下次卧得房产
租赁,准备zu2500以下左右地房产
租赁,想要zu大概1000块钱左右次卧别墅
租赁,准备租一个9000以内次卧得公寓
租赁,计划租一个价值3500以下上下主卧地房子
租赁,计划zufang预估6500块主卧得
租赁,想要zufang预估4000元上下主卧得二手房
租赁,准备租一个估计2500块钱左右次卧得新房
租赁,zu价钱3500以内左右独卫楼房
租赁,准备租个6350以下左右主卧地屋子
租赁,准备zu9000块上下的房
租赁,准备zu估计4000块钱主卧地公寓
租赁,计划zufang估计6350块上下主卧带独卫地房
租赁,准备租预估3500块上下主卧带独卫地楼房
租赁,想要zufang价值3000元上下独卫得房
租赁,计划租一个价值2500以内上下次卧地房
租赁,要租个7500块左右主卧地高层
租赁,准备zu价钱5500块左右主卧带独卫的房产
租赁,要zufang6500以下左右次卧的房子
租赁,要zu大概2000上下插间的新房
租赁,想要租个预估6350左右地二手房
租赁,准备租房估计8000块钱上下的
租赁,准备租房一万9000块钱上下插间的房子
租赁,计划租房价值7500块上下次卧的楼房
租赁,准备租一个大概1000以内主卧高层
租赁,计划租价钱8000以下独卫得房
租赁,要zufang估计一万元上下独卫别墅
租赁,计划zu2000块钱左右主卧带独卫的房产
租赁,想要租个估计8500块左右独卫的房子
租赁,想要租一个8000插间得高层
租赁,想要租一个价钱6500块左右次卧得公寓
租赁,想要租一个价值一万以内上下的别墅
租赁,计划租一个大约7000块钱上下次卧地公寓
租赁,想要租房5000上下插间地房产
租赁,要租房预估9000块钱上下独卫屋子
租赁,准备zufang大概2000元上下独卫得房子
租赁,准备租房一万元主卧带独卫得楼房
租赁,要租个预估9500块上下主卧带独卫楼房
租赁,计划租一个价值2500块独卫地二手房
租赁,准备租房大概1000以内地房产
租赁,要租一个大概6350独卫地房
租赁,准备租一个预估4000元左右主卧带独卫地公寓
租赁,准备租房价值一万元左右次卧的二手房
租赁,要租预估一万以下上下高层
租赁,准备租房价值一万次卧地房产
租赁,租房估计8000元插间的新房
租赁,计划zu价钱4500上下屋子
咨询,压一付三和压一付一有什么区别
咨询,赠送面积需要注意的事项？
咨询,买新房遇难题：多期开发的楼盘怎么选？
咨询,怎样进行新房认购资格确认？
咨询,买新房交了认购金，可以退吗？买房注意点有哪些？
咨询,新房认购怎么改名？具体的改名原因有哪些？
咨询,新房认购和成交流程具体有怎样的不同？
咨询,购买房屋时的房屋认购书的法律效力是什么？
咨询,新房认购贷款审批的流程是什么？
咨询,中国房地产开发商排名有哪些？
咨询,买新房的流程简介以及注意事项
咨询,开发商会提前交房吗？提前交房是好还是坏?应该注意什么问题?
咨询,可以进行房地产销售的房地产平台有哪些？
咨询,在进行选购房子的时候，买房买几楼好？
咨询,怎么买房划算？是贷款买房还是全款买房
咨询,房地产开发商最怕什么
咨询,稳定房地产的相关政策有哪些
咨询,房地产销售信息哪里可以获得？
咨询,房地产去化率该怎么计算呢？
咨询,新手如何买新房？需要注意什么？
咨询,房地产开发商哪家好？该如何选择开发商？
咨询,新房买卖流程了解须知有哪些
咨询,北京市公租房申请条件有哪些呢？
咨询,租房的时候需要注意什么问题？
咨询,解除商铺租赁合同的注意事项
咨询,租客如何解除租房合同协议？才不会有更多后续麻烦
咨询,租房押金退还手续应该如何进行办理？
咨询,租房可以退租吗？退租需要注意什么问题？
咨询,公租房退租未到期怎么退？退时应该注意什么？
咨询,租房押金收条应该怎么写呢？
咨询,房屋租赁合同不看的风险有哪些？会造成那些严重的后果？
咨询,常见的房屋租赁纠纷有哪些，该如何处理呢
咨询,房东出租房屋注意事项有这一些
咨询,如何进行业主维权？
咨询,装修纠纷如何处理和避免？
咨询,交房时注意事项有哪些具体内容？
咨询,公寓免押金租房需要注意哪些问题？
咨询,申请公租房要交押金吗？
咨询,租房定金条该怎么写以及相关的注意事项
咨询,房子退租的违约金支付条件以及注意事项是什么？
咨询,推荐一下，找房子租房用什么软件比较好
咨询,拎包入住出租房信息应该怎么写，才能更好的发布
咨询,租房退房流程你们有了解过么
咨询,很多人都想知道租房押金可以退吗
咨询,租房短租的市场发展前景如何？
咨询,廉租房与公租房的差异？
咨询,如何应对假房东的诈骗？
咨询,安置房出租的注意事项？
咨询,转租房的风险有哪些
咨询,合租房需要注意的几点事项
咨询,公积金租房如何提取？
咨询,房东如何应对租户违约？
咨询,租来的房屋可以转租吗？
咨询,租房如何避免纠纷？
咨询,室内物品损坏，维修费该由房东还是租客出？
咨询,签合同时应该注意哪些细节？
咨询,押金的退还标准是什么？
咨询,租房的通勤性价比
咨询,租公寓应该注意什么？
咨询,什么时间找房更容易，租金更划算？
咨询,应该选择整租还是合租？
咨询,租房，选对小区很重要
咨询,租房时和哪些人签约有风险？
咨询,房东直租：如何识别真假房东？
咨询,选择相寓的好处？
咨询,二手房契税怎么算，应该由谁进行缴纳？
咨询,房产过户费用怎么算？卖家承担什么？
咨询,房子有贷款可以过户吗？收多少税？
咨询,2019年房子过户费规定有哪些？
咨询,2019年满五年的房子过户要交多少税？
咨询,卖房须知具体有哪些？卖房有哪些方法？
咨询,网上房地产交易安全吗？
咨询,影响北京房产均价的因素有哪些？
咨询,卖房合同的签订有哪些注意事项？
咨询,私人卖房合同怎么写才有法律效力？
咨询,二手房房屋出售协议怎么写？
咨询,卖房流程包括哪些具体内容和注意事项?
咨询,二手房中介费谁来承担？买房自己承担吗？
咨询,如何卖房子？卖房合同怎么写？
咨询,卖二手房交易流程具体有哪些？
咨询,卖房注意要小心，别入别人的圈套
咨询,出现个人房屋买卖合同无效的行为有哪些？
咨询,房屋买卖合同毁约中介费要不要缴纳
咨询,二手房怎样付款最安全
咨询,如今的资金监管账户给你提供不少安全感
咨询,多方研究预售资金监管，让你更加了解它
咨询,卖房的忌讳不清楚，房子怎么也卖不出去
咨询,了解卖房注意事项，避免吃亏上当
咨询,2019年卖房子的流程注意事项有哪些？
咨询,卖房合同注意事项有哪些？
咨询,在中介卖房子注意事项有哪些？
咨询,现在卖房子注意事项有哪些？才能够避免买卖后产生纠纷
咨询,卖房子在定售房价格的时候，需要注意什么？
咨询,卖房流程及注意事项具体有哪些？
咨询,你所不知道的卖房攻略
咨询,你知道北京卖房政策有哪些吗？
咨询,二手房佣金该怎么计算？又或者该在什么时候支付
咨询,5年以下的二套房转卖卖房交多少税？
咨询,2019年卖房需要交什么税？
咨询,如何快速卖房才能做到不吃亏？
咨询,卖房子需要什么资料呢？
咨询,个人卖二手房怎样才能吸引客户？
咨询,二手房出售的定价需讲究哪些策略
咨询,个人二手房出售急售一定要留意这些
咨询,作为卖家，在卖二手房时应该注意哪些问题？
咨询,现在房地产市场上的二手房好卖吗？
咨询,公司产权的房如何卖？需要缴纳的税费有哪些？
咨询,业主在国外房子能卖吗 该怎么卖？
咨询,如何办理期房转让
咨询,一套房从准备出售到真正卖出会有几种价格？
咨询,没有房产证的房子能卖吗
咨询,离婚后房子以及房贷的归属问题
咨询,共有房屋的两种出售方式？
咨询,什么是优先购买权？卖房时不能忽略！
咨询,离婚析产取得的房产再转让时如何确定购房时间？
咨询,特殊性质房产的上市条件有哪些不同？
咨询,继承的房产要出售，有哪些注意事项？
咨询,定金越多越好吗？收取定金有注意哪些事项？
咨询,央产房上市交易需要什么材料
咨询,什么样的房子不能上市交易
咨询,经济适用房该如何出售
咨询,卖房流程总览
咨询,有条件以后买房贷款可以提前还吗？
咨询,贷款买房需要什么手续和条件？
咨询,购买正在出租中的二手房，需要注意哪些问题？
咨询,小户型如何选购？
咨询,房子不买了定金能不能退？
咨询,如何界定首付比例？
咨询,个人如何进行房源发布？
咨询,大家对于不动产了解多少呢
咨询,婚姻法离婚房产分割是怎么规定的?
咨询,不动产和动产区别到底有哪些?
咨询,动产和不动产在抵押贷款时有区别吗?
咨询,不动产登记申请书怎么写不出错?
咨询,房产纠纷法律咨询应该在哪里做?
咨询,房子按揭贷款应该如何进行操作
咨询,办理不动产办法有哪些呢？
咨询,离婚后买房有什么需要特别注意的吗？
咨询,公积金贷款买房流程是什么？
咨询,如今的住房公积金贷款政策是什么？
咨询,不动产登记收费标准是什么？
咨询,现有首套房贷款政策是什么？
咨询,二套房贷款政策详情介绍
咨询,贷款买房首付多少有明确要求吗？
咨询,三套房贷款政策是怎样的
咨询,二手房贷款政策解读
咨询,按揭贷款买房流程是什么？
咨询,买房首付可以贷款吗？
咨询,你们知道房产过户费用是多少吗
咨询,现在房子过户手续很复杂吗
咨询,大家对于房产继承过户了解多少
咨询,过户需要准备什么材料，你知道吗？
咨询,房子过户费有标准吗？根据什么标准？
咨询,房子过户给子女应该怎么做？
咨询,房子过户未成年子女可以吗？
咨询,不能过户的房子有哪些？
咨询,二手房屋买卖税费多吗？有什么？
咨询,未满2年的房子过户费用有什么不同吗？
咨询,房屋过户手续费按照什么标准收取？
咨询,房产过户要多久？需要多少时间？
咨询,赠送房产过户要交税吗？你知道吗？
咨询,房子过户给儿子有什么要求？
咨询,房子过户需要多长时间？很长吗？
咨询,从风水角度分析买房需要注意的问题
咨询,二手房贷款担保费用到底有没有标准规定呢
咨询,办理个人二手房抵押贷款需要注意这些问题
咨询,二手房贷款对房龄要求是怎样的呢
咨询,购房按揭贷款的方式究竟如何选择才好
咨询,全款买房的流程以及注意事项要清楚
咨询,北京市购房资格有什么详细规定？
咨询,互换房子过户攻略
咨询,房产过户税费大概需要多少？其中存在哪些门道？
咨询,哪些单位应为职工缴存住房公积金？
咨询,哪些人员可以自愿缴存住房公积金？
咨询,港澳台同胞和外籍人员在京就业，是否可以缴存住房公积金？
咨询,劳务派遣人员的住房公积金是由用人单位缴存还是派出单位缴存？
咨询,什么是住房公积金的登记、开户和缴存？
咨询,新成立的单位如何办理住房公积金登记、开户和缴存？有时间限制吗？
咨询,单位办理住房公积金登记、开户和缴存有几种途径？
咨询,什么是住房公积金单位经办人？
咨询,单位经办人通过住房公积金柜台如何办理单位登记、开户和缴存？
咨询,单位经办人通过北京市社会保险网上服务平台如何办理单位住房公积金登记、开户和缴存？
咨询,单位经办人通过“北京市企业开办e窗通服务平台”如何办理单位住房公积金登记、开户和缴存？
咨询,职工住房公积金月缴存基数如何确定？计算职工住房公积金月缴存基数时，工资总额如何确定？
咨询,住房公积金年度是指什么？
咨询,住房公积金缴存比例如何确定？
咨询,如何计算职工住房公积金月缴存额？
咨询,住房公积金的月缴存上限是多少？是否可以超上限缴存住房公积金？
咨询,职工工资扣除住房公积金后低于当年月最低工资或当年月基本生活费时，如何计算住房公积金月缴存额？
咨询,什么是跨年清册核定？单位应在什么时候办理跨年清册核定？单位必须办理跨年清册核定吗？
咨询,企业如何申请降低缴存比例或缓缴住房公积金？
咨询,缴存单位是否可以到任意管理部或受托银行代办点办理住房公积金的缴存和提取等事项？
咨询,住房公积金委托收款缴款失败，单位应如何处理？
咨询,单位不为职工缴存或少缴住房公积金的，职工如何投诉？
咨询,如何登录住房公积金网上业务系统？
咨询,通过住房公积金网上业务系统每月可以多次增加或减少缴存人员吗？
咨询,采用委托收款方式缴存的单位，能否一次托收多个月份的住房公积金？
咨询,忘记通过住房公积金网上业务系统办理人员增加或减少，并已经汇缴了当月的住房公积金，应如何处理？
咨询,通过住房公积金网上业务系统已经确认申报了当月的汇缴清册，发现有错误如何处理？
咨询,通过住房公积金网上业务系统如何为职工补缴住房公积金？
咨询,通过住房公积金网上业务系统如何办理跨年清册核定？
咨询,通过住房公积金网上业务系统如何办理住房公积金委托收款？
咨询,通过住房公积金网上业务系统如何查询委托收款编号？
咨询,采用委托收款缴存住房公积金的单位，每月是否需要在住房公积金网上业务系统中确认申报？
咨询,通过住房公积金网上业务系统办理业务时，系统提示需“补录相关信息”或“补录职工户籍信息”，应如何处理？
咨询,通过住房公积金网上业务系统办理人员变更时，能否在某月减少某一职工后，下月又增加同一职工并调整该职工的缴存基数？
咨询,单位如何申请、取消归集代办资质？
咨询,哪些情况可以提取住房公积金？是否可以通过网上申请？
咨询,提取住房公积金是否必须单位办理，个人可以办理住房公积金提取业务吗？
咨询,购买北京市行政区域内新建商品住房（一手房）、自住型商品住房和共有产权住房、存量商品住房（二手房）如何提取住房公积金？
咨询,购买北京市行政区域内经济适用住房、限价商品住房（两限房）如何提取住房公积金？
咨询,购买北京市行政区域内公有住房（房改房）、集资合作建房如何提取住房公积金？
咨询,购买北京市行政区域内危改、拆迁、征收回迁房如何提取住房公积金？
咨询,购房时已办理了北京住房公积金贷款（含与商业银行的组合贷款）如何提取住房公积金？
咨询,购买北京市行政区域外住房是否可以申请提取？如何提取？
咨询,使用商业银行贷款及使用异地住房公积金贷款购买北京市行政区域外住房是否可以申请提取？如何提取？
咨询,家庭购房应由哪一方先行办理提取住房公积金手续？如购房人一方已办理提取，其配偶如何办理提取？
咨询,租住公租房如何提取住房公积金？
咨询,无租房合同及发票如何提取住房公积金？
咨询,有租房合同及发票如何提取住房公积金？
咨询,父母租、购房，子女是否可以申请提取本人的住房公积金？
咨询,大修、翻建、自建北京市行政区域内自住住房如何提取住房公积金？
咨询,购买什么性质房屋可以提取住房公积金支付首付？
咨询,同一套住房已办理过购房提取的，未到提取限额如何再次办理住房公积金提取？
咨询,用于住房公积金提取的房屋已完成网签后退房的，如何处理？
咨询,购买多套房屋，第一套房的提取额度用完了，如何继续提取住房公积金？
咨询,已办理了租房提取，又购买了住房，是否能办理购房提取？
咨询,办理购房提取住房公积金，夫妻双方提取额度如何划分？
咨询,退休后如何销户提取住房公积金？
咨询,因继承如何提取被继承人的住房公积金？
咨询,出境定居如何提取住房公积金？
咨询,外籍、港澳台在京工作人员离职如何提取住房公积金？
咨询,完全丧失劳动能力与单位解除劳动关系如何提取住房公积金？
咨询,被判处死刑、判处无期徒刑或刑满达到国家法定退休年龄如何提取住房公积金？
咨询,非本市户籍人员离职后是否可以办理住房公积金销户提取？
咨询,患大病是否可以办理住房公积金提取？
咨询,经法院判决离婚的住房公积金如何分割？
咨询,协议离婚的住房公积金如何分割？
咨询,提取住房公积金是否必须要使用住房公积金联名卡？
咨询,如何办理约定提取？
咨询,约定提取住房公积金未到账是什么原因，如何处理？
咨询,为何约定提取到账金额与上次约定提取到账金额不一样？
咨询,什么情况下，提取申请人可委托他人办理公积金提取业务？
咨询,办理住房公积金提取业务时，发现购房、租房等材料有疑似问题应如何处理？
咨询,提取住房公积金申请表在哪下载或领取？
咨询,什么情况下可申请住房公积金个人信息变更，如何办理？
咨询,离婚后，如何在住房公积金系统中解除双方的配偶关系关联？
咨询,如何办理住房公积金约定提取的变更？
咨询,已办理过购房提取，需要变更房屋信息，如何办理？
咨询,已开通网上业务的单位，哪些单位信息可通过住房公积金网上业务系统进行变更？
咨询,为什么单位已经开通了网上业务，却不能通过住房公积金网上业务系统办理单位信息变更和经办人变更？
咨询,如何办理单位名称变更？
咨询,如何办理单位法定代表人变更？
咨询,增加单位经办人可以通过住房公积金网上业务系统进行操作吗？
咨询,单位经办人已离职能通过网上业务系统进行变更吗？
咨询,如何变更单位地址、联系电话、单位性质、单位电子信箱、单位设立日期、单位所属行业、单位隶属关系、单位经济类型等信息？
咨询,如何变更住房公积金委托收款信息？
咨询,通过住房公积金网上业务系统如何变更委托收款日？
咨询,如何办理职工住房公积金账户转出？
咨询,如何办理职工住房公积金账户转入？
咨询,如何办理单位住房公积金账户集体转移？
咨询,缴存人如何查询个人住房公积金缴存、提取情况？
咨询,注册用户与普通用户的区别是什么？
咨询,普通用户如何升级为注册用户？
咨询,如何通过北京住房公积金网查询个人住房公积金缴存、提取情况？
咨询,通过个人网上业务平台查询住房公积金，提示“账户不存在”是什么原因？
咨询,通过个人网上业务平台登录时，“普通用户”忘记密码如何处理？
咨询,通过个人网上业务平台登录时，“注册用户”忘记“公积金登录密码”、“交易密码”如何处理？
咨询,如何通过“北京公积金”APP查询个人住房公积金缴存、提取情况？
咨询,如何通过北京公积金微信公众号查询个人住房公积金缴存、提取情况？
咨询,如何通过12329住房公积金热线查询个人住房公积金缴存、提取情况？
咨询,如何通过支付宝APP查询个人住房公积金缴存、提取情况？
咨询,如何通过联名卡发卡行自助查询设备查询个人住房公积金缴存、提取情况？
咨询,如何通过住房公积金业务网点查询个人住房公积金缴存、提取情况？
咨询,什么是个人住房公积金账号？
咨询,对所查询住房公积金信息有疑问怎么办？
咨询,如何打印住房公积金个人查询单（即住房公积金缴存证明）？是否可以委托他人代办？
咨询,如何开具单位缴存住房公积金证明？
咨询,缴存人工作发生变动，如何确认是在国管分中心还是在北京市建立的住房公积金？
咨询,住房公积金哪些事项可以由缴存人个人办理？
咨询,如何通过北京住房公积金网查询住房公积金个人住房贷款信息？
咨询,如何通过12329住房公积金热线查询住房公积金个人住房贷款信息？
咨询,如何通过“北京公积金”APP查询住房公积金个人住房贷款信息？
咨询,如何通过“北京公积金”微信公众号查询住房公积金个人住房贷款信息？
咨询,如何查询住房公积金个人住房贷款办理进度？
咨询,如何查询住房公积金个人住房贷款电话委托系统账号？忘记密码如何进行重置？
咨询,在异地贷款，如何开具《异地贷款职工住房公积金缴存使用证明》？
咨询,如何查询办事机构地址和联系方式？
咨询,什么是住房公积金联名卡？
咨询,如何办理住房公积金联名卡？
咨询,"缴存人有多个住房公积金账户,现在无法办理住房公积金联名卡，该如何处理？"
咨询,住房公积金联名卡需要激活吗？
咨询,住房公积金联名卡丢失后，如何申领新卡并变更卡号？
咨询,住房公积金联名卡的初始查询密码是什么？如何进行密码重置？
咨询,持有住房公积金联名卡，为什么有时无法在网站查询个人信息？
咨询,工作发生变动，调入北京市市属单位工作，原国管分中心办理的住房公积金联名卡是否还能再继续使用？
咨询,住房公积金账户销户后，以前办理的住房公积金联名卡还可以继续使用吗？
咨询,具备何种条件可以申请住房公积金个人住房贷款？
咨询,申请人住房和贷款情况及适用政策
咨询,什么情况不能申请住房公积金个人住房贷款？
咨询,原来在异地缴存住房公积金，现在到北京来工作，申请住房公积金个人住房贷款计算缴存时间时，是否可以包含异地的缴存时间？
咨询,住房公积金个人住房贷款未还清能否再次申请住房公积金个人住房贷款？
咨询,住房公积金个人住房贷款审核时，夫妻中的一方不符合条件，是否影响贷款？
咨询,在北京缴存住房公积金，在京外购房，是否可以在北京申请住房公积金个人住房贷款？应该如何办理？
咨询,有一套住房，想再买一套，是否可以办理住房公积金个人住房贷款？
咨询,已经办理了商业贷款，是否可以转成住房公积金个人住房贷款？
咨询,购买新建住房如何申请住房公积金个人住房贷款？
咨询,购买二手房如何申请住房公积金个人住房贷款？
咨询,申请住房公积金个人住房贷款可以自由选择经办网点吗？
咨询,住房公积金个人住房贷款利率是多少？如遇国家调整利率，住房公积金个人住房贷款利率如何调整？
咨询,住房公积金个人住房贷款期限是多少？
咨询,住房公积金个人住房贷款的最低首付比例是多少？
咨询,住房公积金个人住房贷款的最高可贷款额度是多少？
咨询,在具体确定借款申请人贷款额度时需要考虑的因素有哪些？
咨询,如何认定首套房和二套房？
咨询,住房公积金个人住房贷款担保方式有哪些？
咨询,如何办理房屋评估手续？
咨询,住房公积金个人住房贷款需要向管理中心支付哪些费用？
咨询,借款申请人身份证、户口本、结婚证中的个人信息不一致，申请住房公积金个人住房贷款是否受影响，应如何处理？
咨询,什么是组合贷款？
咨询,如何办理组合贷款？
咨询,采用自由还款方式的借款人如何调整月还款额？
咨询,如何变更还款账户？
咨询,在还款的过程中，借款合同约定的等额本息、等额本金、自由还款等还款方式能否变更？
咨询,在还款的过程中，如遇贷款利率调整，如何了解新的月还款额？
咨询,采用自由还款方式还款逾期了，如何在下一还款日偿还？
咨询,采用自由还款方式还款逾期了，如何在非还款日偿还？
咨询,2005年1月1日之前发放（非自由还款方式）的住房公积金个人住房贷款逾期了，如何偿还？
咨询,住房公积金个人住房贷款逾期罚息如何计算？
咨询,采用自由还款方式还款如何办理提前全部还清？
咨询,2005年1月1日之前发放（非自由还款方式）的住房公积金个人住房贷款，如何办理提前全部还清？
咨询,如何解除抵押登记？如何领取产权证？
咨询,因离婚需变更借款人，如何办理？
咨询,借款人为夫妻双方，到柜台办理调整月还款额、偿还逾期、提前全部还清贷款等业务时必须一起去吗？
咨询,还款扣划金额与约定还款金额不符，是什么原因造成的？对个人是否有影响？
咨询,采用自由还款方式的借款人提前还款后，最低还款额是否会降低？后期利息是否会减少？
咨询,住房公积金个人住房贷款逾期记录是否会影响个人信用？
咨询,住房公积金个人住房贷款发放后需注意哪些事项？
咨询,如何办理房改售房款交存？
咨询,房改售房款的支取用途有哪些？
咨询,房改售房款支取使用由哪个部门审核？
咨询,房改部门批准使用后，售房单位如何办理房改售房款支取？
咨询,如何登录房改售房款和房改房维修资金网上业务系统？
咨询,如何开通房改售房款和房改房维修资金网上业务系统使用权限？
咨询,人们通常谈论的商维资金、公维资金、维修资金等概念，与住宅专项维修资金有什么关系？
咨询,房改房维修资金由谁交存？归谁所有？
咨询,房改房维修资金如何设账管理？
咨询,公有住房出售后，购房人和售房单位交存的房改房维修资金如何计算？现行交存标准是多少？
咨询,公有住房出售后，购房人和售房单位如何交存房改房维修资金？
咨询,哪些情况可申请使用住宅专项维修资金？
咨询,哪些情况可应急使用住宅专项维修资金？
咨询,应急使用和非应急使用住宅专项维修资金的主要区别有哪些？
咨询,需使用房改房维修资金时，由谁发起？向谁申请？
咨询,房改部门批准使用后，售房单位如何办理房改房维修资金支取手续？
咨询,如何办理房改售房单位信息变更？
咨询,售房单位和购房人（业主）如何查询其名下的房改房维修资金交存支取情况？
咨询,相关单位如何登录商品住宅专项维修资金网上业务系统？
咨询,如何申请办理商品住宅专项维修资金网上业务认证用户密钥？
咨询,开发企业、物业服务企业、商品住宅专项维修资金未划转的业主大会（业主委员会）所持有的在2018年4月23日前领用的原商品住宅专项维修资金网上业务系统认证用户密钥是否可以继续使用？有何使用条件？
咨询,在网上业务经办人信息确认后，2018年4月23日前领用的原商品住宅专项维修资金网上业务系统认证用户密钥仍然无法正常登录或者所登录页面出现异常，如何处理？
咨询,系统升级后，原“小区管理处”用户角色及其在商品住宅专项维修资金网上业务系统中认证用户密钥是否发生改变？
咨询,某单位将一套房改房（公有住房）出售给张先生，之后，张先生又将这套房改房上市卖给了李先生。现在李先生购买的这套房屋发生屋面漏水，如何申请住宅专项维修资金进行维修？
咨询,哪些情况可以支取住房补贴？
咨询,如何办理住房补贴退休销户支取？
咨询,交存人既有住房公积金又有住房补贴，因同一住房支出已提取住房公积金的，如何办理住房补贴支取？
咨询,交存人因同一住房支出已支取住房补贴但未到支取限额的，如何再次办理住房补贴支取？
咨询,交存单位或交存人如何查询住房补贴交存支取情况？
咨询,如何登录住房补贴个人网上业务系统？
咨询,如何开通住房补贴个人网上业务系统使用权限？
咨询,落户上学与商品房一致，共有产权房你能申请吗？
咨询,购租并举下，北京租房能落户和上学吗？
咨询,北京买房，你真的是首套吗？首套二套有啥区别？
咨询,2018年北京住宅限购政策是什么？
咨询,产品回归验证
咨询,北京公租房申请条件是怎么？怎么配租？
咨询,北京积分落户初核结果可查，有异议可申请复核！
咨询,买共有产权住房，能贷多少钱？
咨询,共有产权房如何上市出售？
咨询,购房资质审核时限缩短为1个工作日
咨询,北京积分落户操作管理细则发布 4月16日接受申报
咨询,未来房地产税如何征收？按房屋评估值
咨询,共有产权房的个人份额怎么定？
咨询,“限房价、竞地价”看着眼熟，到底是啥意思？
咨询,共有产权房和普通商品房啥区别？你适合申请吗？
咨询,结婚？继承？贷款？ 关于共有产权房的N个问题
咨询,贷款买房，银行的贷款利率和基准利率有啥关系？
咨询,非京籍买房，社保断了还能补缴吗？
咨询,政策变动导致合同解约，责任谁承担？
咨询,如何申请老楼加电梯？费用怎么出？
咨询,居住证到期了怎么办？微信就能办理签注啦
咨询,买房后，户口怎么办理市内迁移？
咨询,你的城市房租收入比是多少？
咨询,北京老人能投靠子女落户吗？怎么办理？
咨询,北京能办理夫妻投靠落户吗？怎么办理？
咨询,2017年环京限购政策一览
咨询,买商铺需要什么资格，要注意什么？
